modality,encoder,loss_type,split_strategy,seed,l1_accuracy,l1_macro_f1,l2_accuracy,l2_macro_f1,avg_accuracy,avg_macro_f1
IMAGE_ONLY,clip,weighted,level1,7,0.865979381443299,0.8472070762147097,0.6288659793814433,0.5792214912280702,0.7474226804123711,0.71321428372139
IMAGE_ONLY,clip,weighted,level1,10,0.9072164948453608,0.8903954802259887,0.7010309278350515,0.6208576998050682,0.8041237113402062,0.7556265900155285
IMAGE_ONLY,clip,weighted,level1,42,0.9072164948453608,0.8831794460056203,0.711340206185567,0.6357875821629546,0.8092783505154639,0.7594835140842875
IMAGE_ONLY,clip,weighted,level1,56,0.9175257731958762,0.9016227180527383,0.6082474226804123,0.5277520803836593,0.7628865979381443,0.7146873992181988
IMAGE_ONLY,clip,weighted,level1,100,0.8247422680412371,0.7888333973620182,0.5257731958762887,0.43267130508117224,0.6752577319587629,0.6107523512215952
IMAGE_ONLY,clip,unweighted,level1,7,0.8865979381443299,0.8498240675580577,0.6185567010309279,0.5348026598026598,0.7525773195876289,0.6923133636803588
IMAGE_ONLY,clip,unweighted,level1,10,0.8969072164948454,0.8793532338308458,0.7731958762886598,0.6219500196772924,0.8350515463917526,0.750651626754069
IMAGE_ONLY,clip,unweighted,level1,42,0.9072164948453608,0.8831794460056203,0.711340206185567,0.5969355578488705,0.8092783505154639,0.7400575019272454
IMAGE_ONLY,clip,unweighted,level1,56,0.9175257731958762,0.9034825870646767,0.6804123711340206,0.5144548937652386,0.7989690721649485,0.7089687404149576
IMAGE_ONLY,clip,unweighted,level1,100,0.8556701030927835,0.8203703703703704,0.6185567010309279,0.4575415168635507,0.7371134020618557,0.6389559436169605
TEXT_ONLY,bge-m3,weighted,level1,7,0.8350515463917526,0.7947089947089947,0.4536082474226804,0.4311211664152841,0.6443298969072165,0.6129150805621394
TEXT_ONLY,bge-m3,weighted,level1,10,0.7835051546391752,0.7442561205273069,0.5979381443298969,0.4626979212737726,0.6907216494845361,0.6034770209005398
TEXT_ONLY,bge-m3,weighted,level1,42,0.8247422680412371,0.8033392963625522,0.7010309278350515,0.6341903955257993,0.7628865979381443,0.7187648459441758
TEXT_ONLY,bge-m3,weighted,level1,56,0.865979381443299,0.8416823603264281,0.6185567010309279,0.5672905525846702,0.7422680412371134,0.7044864564555491
TEXT_ONLY,bge-m3,weighted,level1,100,0.8041237113402062,0.7639902676399026,0.5257731958762887,0.4618748204869748,0.6649484536082475,0.6129325440634388
TEXT_ONLY,bge-m3,unweighted,level1,7,0.7731958762886598,0.6766666666666667,0.5463917525773195,0.4484126984126984,0.6597938144329897,0.5625396825396826
TEXT_ONLY,bge-m3,unweighted,level1,10,0.8350515463917526,0.7947089947089947,0.6494845360824743,0.3417191990358765,0.7422680412371134,0.5682140968724356
TEXT_ONLY,bge-m3,unweighted,level1,42,0.8144329896907216,0.769047619047619,0.6494845360824743,0.5621093192521764,0.731958762886598,0.6655784691498977
TEXT_ONLY,bge-m3,unweighted,level1,56,0.8350515463917526,0.7991718426501035,0.6082474226804123,0.5467173955247187,0.7216494845360825,0.6729446190874111
TEXT_ONLY,bge-m3,unweighted,level1,100,0.865979381443299,0.8174844405847446,0.5979381443298969,0.48256206055388146,0.731958762886598,0.650023250569313
TEXT_ONLY,muril,weighted,level1,7,0.8350515463917526,0.8032454361054766,0.5360824742268041,0.4612373737373737,0.6855670103092784,0.6322414049214251
TEXT_ONLY,muril,weighted,level1,10,0.8350515463917526,0.7991718426501035,0.6288659793814433,0.47287581699346404,0.731958762886598,0.6360238298217837
TEXT_ONLY,muril,weighted,level1,42,0.845360824742268,0.8206582028842597,0.5567010309278351,0.5020833333333333,0.7010309278350515,0.6613707681087966
TEXT_ONLY,muril,weighted,level1,56,0.8247422680412371,0.7843034663178547,0.6082474226804123,0.48985661485661486,0.7164948453608246,0.6370800405872348
TEXT_ONLY,muril,weighted,level1,100,0.7938144329896907,0.7372697724810401,0.5463917525773195,0.3583176691729323,0.6701030927835051,0.5477937208269862
TEXT_ONLY,muril,unweighted,level1,7,0.7835051546391752,0.7531806615776081,0.5670103092783505,0.3208444592790387,0.6752577319587629,0.5370125604283233
TEXT_ONLY,muril,unweighted,level1,10,0.8556701030927835,0.816088840736728,0.6804123711340206,0.34722719141323793,0.768041237113402,0.581658016074983
TEXT_ONLY,muril,unweighted,level1,42,0.865979381443299,0.8174844405847446,0.6185567010309279,0.402724358974359,0.7422680412371134,0.6101043997795518
TEXT_ONLY,muril,unweighted,level1,56,0.711340206185567,0.41566265060240964,0.5360824742268041,0.174496644295302,0.6237113402061856,0.29507964744885584
TEXT_ONLY,muril,unweighted,level1,100,0.8041237113402062,0.7533788304563094,0.5979381443298969,0.329849012775842,0.7010309278350515,0.5416139216160757
MULTIMODAL,bge-m3,weighted,level1,7,0.9175257731958762,0.894907908992416,0.711340206185567,0.6684729794888914,0.8144329896907216,0.7816904442406537
MULTIMODAL,bge-m3,weighted,level1,10,0.9072164948453608,0.8923949217305558,0.7938144329896907,0.7046338672768879,0.8505154639175257,0.7985143945037219
MULTIMODAL,bge-m3,weighted,level1,42,0.9278350515463918,0.9091395691154824,0.6701030927835051,0.6524644945697576,0.7989690721649485,0.7808020318426201
MULTIMODAL,bge-m3,weighted,level1,56,0.9278350515463918,0.9147520401757689,0.6494845360824743,0.5753737138419723,0.7886597938144331,0.7450628770088706
MULTIMODAL,bge-m3,weighted,level1,100,0.865979381443299,0.8312591997858959,0.5463917525773195,0.4743774377437744,0.7061855670103092,0.6528183187648351
MULTIMODAL,bge-m3,unweighted,level1,7,0.8865979381443299,0.8572193228957581,0.6082474226804123,0.41706230218224216,0.7474226804123711,0.6371408125390001
MULTIMODAL,bge-m3,unweighted,level1,10,0.9072164948453608,0.8882059162504802,0.8041237113402062,0.7127684407096171,0.8556701030927836,0.8004871784800487
MULTIMODAL,bge-m3,unweighted,level1,42,0.9278350515463918,0.9091395691154824,0.711340206185567,0.6370915032679738,0.8195876288659794,0.7731155361917281
MULTIMODAL,bge-m3,unweighted,level1,56,0.9072164948453608,0.8923949217305558,0.6907216494845361,0.6195921398956674,0.7989690721649485,0.7559935308131116
MULTIMODAL,bge-m3,unweighted,level1,100,0.8865979381443299,0.860431654676259,0.6082474226804123,0.47724347724347727,0.7474226804123711,0.6688375659598682
MULTIMODAL,muril,weighted,level1,7,0.9175257731958762,0.894907908992416,0.6804123711340206,0.6023225305609057,0.7989690721649485,0.7486152197766609
MULTIMODAL,muril,weighted,level1,10,0.9072164948453608,0.8858077174623937,0.7628865979381443,0.6230365435089844,0.8350515463917525,0.7544221304856891
MULTIMODAL,muril,weighted,level1,42,0.8969072164948454,0.8716931216931216,0.6288659793814433,0.5561062648691515,0.7628865979381443,0.7138996932811366
MULTIMODAL,muril,weighted,level1,56,0.9381443298969072,0.9230158730158731,0.5979381443298969,0.5359941520467837,0.768041237113402,0.7295050125313284
MULTIMODAL,muril,weighted,level1,100,0.865979381443299,0.8312591997858959,0.5360824742268041,0.4335806085806086,0.7010309278350515,0.6324199041832522
MULTIMODAL,muril,unweighted,level1,7,0.8969072164948454,0.877028397565923,0.6185567010309279,0.3678839957035446,0.7577319587628866,0.6224561966347337
MULTIMODAL,muril,unweighted,level1,10,0.9381443298969072,0.9230158730158731,0.7938144329896907,0.6750361595562834,0.865979381443299,0.7990260162860783
MULTIMODAL,muril,unweighted,level1,42,0.9072164948453608,0.8858077174623937,0.6701030927835051,0.5532017543859649,0.788659793814433,0.7195047359241793
MULTIMODAL,muril,unweighted,level1,56,0.9072164948453608,0.8903954802259887,0.6597938144329897,0.5593006993006994,0.7835051546391752,0.724848089763344
MULTIMODAL,muril,unweighted,level1,100,0.8556701030927835,0.8203703703703704,0.6185567010309279,0.42537854302560185,0.7371134020618557,0.6228744566979861
IMAGE_ONLY,clip,weighted,level2,7,0.9072164948453608,0.8882059162504802,0.6288659793814433,0.5931366444850079,0.768041237113402,0.740671280367744
IMAGE_ONLY,clip,weighted,level2,10,0.9072164948453608,0.8882059162504802,0.6597938144329897,0.5965739821251241,0.7835051546391752,0.7423899491878021
IMAGE_ONLY,clip,weighted,level2,42,0.8865979381443299,0.8536953242835597,0.6907216494845361,0.567973163841808,0.788659793814433,0.7108342440626838
IMAGE_ONLY,clip,weighted,level2,56,0.9175257731958762,0.894907908992416,0.6597938144329897,0.5756550971152741,0.788659793814433,0.7352815030538451
IMAGE_ONLY,clip,weighted,level2,100,0.9072164948453608,0.8882059162504802,0.711340206185567,0.6410505528152587,0.8092783505154639,0.7646282345328694
IMAGE_ONLY,clip,unweighted,level2,7,0.9381443298969072,0.9262170385395538,0.7525773195876289,0.6708269206104911,0.845360824742268,0.7985219795750225
IMAGE_ONLY,clip,unweighted,level2,10,0.8865979381443299,0.860431654676259,0.6494845360824743,0.5452476677805624,0.768041237113402,0.7028396612284107
IMAGE_ONLY,clip,unweighted,level2,42,0.9175257731958762,0.8995859213250517,0.7010309278350515,0.5212676962676963,0.8092783505154639,0.710426808796374
IMAGE_ONLY,clip,unweighted,level2,56,0.8969072164948454,0.8716931216931216,0.6907216494845361,0.5460526315789473,0.7938144329896908,0.7088728766360345
IMAGE_ONLY,clip,unweighted,level2,100,0.9278350515463918,0.9111837802485284,0.7422680412371134,0.5684160859465738,0.8350515463917526,0.7397999330975511
TEXT_ONLY,bge-m3,weighted,level2,7,0.7938144329896907,0.7629521016617791,0.6082474226804123,0.513663967611336,0.7010309278350515,0.6383080346365575
TEXT_ONLY,bge-m3,weighted,level2,10,0.865979381443299,0.8270944741532977,0.6494845360824743,0.5497320147265816,0.7577319587628866,0.6884132444399397
TEXT_ONLY,bge-m3,weighted,level2,42,0.865979381443299,0.8385196568062492,0.7010309278350515,0.6410047426567428,0.7835051546391752,0.739762199731496
TEXT_ONLY,bge-m3,weighted,level2,56,0.8041237113402062,0.7766872652368835,0.5154639175257731,0.40509259259259256,0.6597938144329897,0.590889928914738
TEXT_ONLY,bge-m3,weighted,level2,100,0.9072164948453608,0.8882059162504802,0.5463917525773195,0.43253968253968256,0.7268041237113402,0.6603727993950814
TEXT_ONLY,bge-m3,unweighted,level2,7,0.8144329896907216,0.7740683229813665,0.6288659793814433,0.4547254004576659,0.7216494845360825,0.6143968617195162
TEXT_ONLY,bge-m3,unweighted,level2,10,0.8350515463917526,0.7844444444444445,0.5567010309278351,0.48125937031484256,0.6958762886597938,0.6328519073796435
TEXT_ONLY,bge-m3,unweighted,level2,42,0.8556701030927835,0.8278397565922921,0.6494845360824743,0.4145905476465307,0.7525773195876289,0.6212151521194114
TEXT_ONLY,bge-m3,unweighted,level2,56,0.8144329896907216,0.7740683229813665,0.5154639175257731,0.422835684430512,0.6649484536082474,0.5984520037059393
TEXT_ONLY,bge-m3,unweighted,level2,100,0.865979381443299,0.8312591997858959,0.6288659793814433,0.5106000321517563,0.7474226804123711,0.670929615968826
TEXT_ONLY,muril,weighted,level2,7,0.8247422680412371,0.7843034663178547,0.5567010309278351,0.38037464574548974,0.6907216494845361,0.5823390560316722
TEXT_ONLY,muril,weighted,level2,10,0.8350515463917526,0.789815817984832,0.5876288659793815,0.3140752740835625,0.711340206185567,0.5519455460341973
TEXT_ONLY,muril,weighted,level2,42,0.8247422680412371,0.7888333973620182,0.5567010309278351,0.41857326437415426,0.6907216494845361,0.6037033308680863
TEXT_ONLY,muril,weighted,level2,56,0.7938144329896907,0.7433862433862434,0.5670103092783505,0.4743462555962556,0.6804123711340206,0.6088662494912495
TEXT_ONLY,muril,weighted,level2,100,0.8247422680412371,0.7679099225897255,0.5567010309278351,0.39116609303634436,0.6907216494845361,0.5795380078130349
TEXT_ONLY,muril,unweighted,level2,7,0.8247422680412371,0.7738927738927739,0.6391752577319587,0.3826495241696603,0.7319587628865979,0.5782711490312171
TEXT_ONLY,muril,unweighted,level2,10,0.8556701030927835,0.816088840736728,0.6082474226804123,0.3464262187088274,0.7319587628865979,0.5812575297227778
TEXT_ONLY,muril,unweighted,level2,42,0.7938144329896907,0.7372697724810401,0.5979381443298969,0.33171428571428574,0.6958762886597938,0.5344920290976629
TEXT_ONLY,muril,unweighted,level2,56,0.711340206185567,0.41566265060240964,0.5567010309278351,0.17880794701986755,0.634020618556701,0.2972352988111386
TEXT_ONLY,muril,unweighted,level2,100,0.8041237113402062,0.747291923762512,0.5979381443298969,0.33784513930258653,0.7010309278350515,0.5425685315325492
MULTIMODAL,bge-m3,weighted,level2,7,0.9072164948453608,0.8858077174623937,0.5463917525773195,0.5270833333333333,0.7268041237113402,0.7064455253978635
MULTIMODAL,bge-m3,weighted,level2,10,0.8865979381443299,0.860431654676259,0.6185567010309279,0.5411421911421912,0.7525773195876289,0.7007869229092252
MULTIMODAL,bge-m3,weighted,level2,42,0.8865979381443299,0.8572193228957581,0.7010309278350515,0.5693799734748011,0.7938144329896907,0.7132996481852796
MULTIMODAL,bge-m3,weighted,level2,56,0.9278350515463918,0.9111837802485284,0.6597938144329897,0.5925865425865426,0.7938144329896908,0.7518851614175355
MULTIMODAL,bge-m3,weighted,level2,100,0.9381443298969072,0.9246894409937889,0.7216494845360825,0.6767633379151616,0.8298969072164948,0.8007263894544753
MULTIMODAL,bge-m3,unweighted,level2,7,0.9278350515463918,0.9111837802485284,0.7216494845360825,0.6105326876513317,0.8247422680412371,0.7608582339499301
MULTIMODAL,bge-m3,unweighted,level2,10,0.8865979381443299,0.860431654676259,0.5876288659793815,0.5177631578947368,0.7371134020618557,0.689097406285498
MULTIMODAL,bge-m3,unweighted,level2,42,0.8969072164948454,0.8716931216931216,0.7010309278350515,0.5327731092436975,0.7989690721649485,0.7022331154684096
MULTIMODAL,bge-m3,unweighted,level2,56,0.9381443298969072,0.9230158730158731,0.6701030927835051,0.5890635680109364,0.8041237113402062,0.7560397205134047
MULTIMODAL,bge-m3,unweighted,level2,100,0.9484536082474226,0.9378921756947112,0.6804123711340206,0.6007115489874111,0.8144329896907216,0.7693018623410611
MULTIMODAL,muril,weighted,level2,7,0.9175257731958762,0.8973544973544973,0.6597938144329897,0.548602223734967,0.788659793814433,0.7229783605447322
MULTIMODAL,muril,weighted,level2,10,0.8969072164948454,0.877028397565923,0.5773195876288659,0.5204861111111111,0.7371134020618557,0.698757254338517
MULTIMODAL,muril,weighted,level2,42,0.8762886597938144,0.8423618634886241,0.6288659793814433,0.5163734115347018,0.7525773195876289,0.679367637511663
MULTIMODAL,muril,weighted,level2,56,0.9278350515463918,0.9091395691154824,0.6494845360824743,0.5707771787960467,0.7886597938144331,0.7399583739557646
MULTIMODAL,muril,weighted,level2,100,0.9278350515463918,0.9147520401757689,0.6597938144329897,0.6209971068842897,0.7938144329896908,0.7678745735300293
MULTIMODAL,muril,unweighted,level2,7,0.9175257731958762,0.9016227180527383,0.7525773195876289,0.6722033449007133,0.8350515463917525,0.7869130314767259
MULTIMODAL,muril,unweighted,level2,10,0.8969072164948454,0.877028397565923,0.6391752577319587,0.4895997922925708,0.768041237113402,0.6833140949292469
MULTIMODAL,muril,unweighted,level2,42,0.8969072164948454,0.8716931216931216,0.6907216494845361,0.5256458517328082,0.7938144329896908,0.6986694867129649
MULTIMODAL,muril,unweighted,level2,56,0.9175257731958762,0.8973544973544973,0.6804123711340206,0.5125843780135004,0.7989690721649485,0.7049694376839989
MULTIMODAL,muril,unweighted,level2,100,0.9381443298969072,0.9276119402985075,0.711340206185567,0.591290880091302,0.8247422680412371,0.7594514101949048
