split_strategy,modality,encoder,loss_type,metric,mean,std,min,max
level1,IMAGE_ONLY,clip,unweighted,l1_accuracy,0.892783505154639,0.02373374109942545,0.8556701030927835,0.9175257731958762
level1,IMAGE_ONLY,clip,unweighted,l1_macro_f1,0.8672419409659142,0.032459198833118576,0.8203703703703704,0.9034825870646767
level1,IMAGE_ONLY,clip,unweighted,l2_accuracy,0.6783505154639176,0.06454629213401454,0.6185567010309279,0.7731958762886598
level1,IMAGE_ONLY,clip,unweighted,l2_macro_f1,0.5442597366090662,0.06493362938773141,0.4575415168635507,0.6219500196772924
level1,IMAGE_ONLY,clip,unweighted,avg_accuracy,0.7855670103092784,0.040027358058385934,0.7371134020618557,0.8350515463917526
level1,IMAGE_ONLY,clip,unweighted,avg_macro_f1,0.7057508387874902,0.043874388588474186,0.6389559436169605,0.750651626754069
level1,IMAGE_ONLY,clip,weighted,l1_accuracy,0.8865979381443297,0.04058766945366913,0.8247422680412371,0.9175257731958762
level1,IMAGE_ONLY,clip,weighted,l1_macro_f1,0.8648650449399525,0.0481416495140441,0.7888333973620182,0.9034825870646767
level1,IMAGE_ONLY,clip,weighted,l2_accuracy,0.643298969072165,0.08234525999058084,0.5257731958762887,0.7319587628865979
level1,IMAGE_ONLY,clip,weighted,l2_macro_f1,0.5462871057052037,0.06905575288537412,0.43267130508117224,0.6096168143437731
level1,IMAGE_ONLY,clip,weighted,avg_accuracy,0.7649484536082474,0.0587267025510355,0.6752577319587629,0.8195876288659794
level1,IMAGE_ONLY,clip,weighted,avg_macro_f1,0.705576075322578,0.05486706752937826,0.6107523512215952,0.7463981301746967
level1,MULTIMODAL,bge-m3,unweighted,l1_accuracy,0.9216494845360825,0.021377774591059485,0.8969072164948454,0.9484536082474226
level1,MULTIMODAL,bge-m3,unweighted,l1_macro_f1,0.9004782671252933,0.027150159339069703,0.86863488624052,0.9365598430346631
level1,MULTIMODAL,bge-m3,unweighted,l2_accuracy,0.7237113402061855,0.06413332377317853,0.6494845360824743,0.8041237113402062
level1,MULTIMODAL,bge-m3,unweighted,l2_macro_f1,0.6415601133289638,0.042006436251980195,0.5812515891177218,0.6861164697371593
level1,MULTIMODAL,bge-m3,unweighted,avg_accuracy,0.822680412371134,0.03619276222998342,0.7731958762886598,0.8711340206185567
level1,MULTIMODAL,bge-m3,unweighted,avg_macro_f1,0.7710191902271285,0.01983871698414012,0.7427153759367975,0.7900291053921569
level1,MULTIMODAL,bge-m3,weighted,l1_accuracy,0.9175257731958762,0.03496046383054262,0.865979381443299,0.9587628865979382
level1,MULTIMODAL,bge-m3,weighted,l1_macro_f1,0.898020983765053,0.04249541703069296,0.8385196568062492,0.9497929606625259
level1,MULTIMODAL,bge-m3,weighted,l2_accuracy,0.7360824742268041,0.052869614041064265,0.6494845360824743,0.7731958762886598
level1,MULTIMODAL,bge-m3,weighted,l2_macro_f1,0.6757623118767284,0.06017064777587618,0.580856440856441,0.7332215457215456
level1,MULTIMODAL,bge-m3,weighted,avg_accuracy,0.8268041237113402,0.04259990414720495,0.7577319587628866,0.8608247422680413
level1,MULTIMODAL,bge-m3,weighted,avg_macro_f1,0.7868916478208907,0.05084183015058042,0.7096880488313451,0.8415072531920358
level1,MULTIMODAL,muril,unweighted,l1_accuracy,0.8989690721649485,0.03673923645609375,0.8556701030927835,0.9381443298969072
level1,MULTIMODAL,muril,unweighted,l1_macro_f1,0.8745191192695845,0.04849430895842828,0.8203703703703704,0.9230158730158731
level1,MULTIMODAL,muril,unweighted,l2_accuracy,0.6762886597938144,0.06380102452274561,0.6082474226804123,0.7731958762886598
level1,MULTIMODAL,muril,unweighted,l2_macro_f1,0.5258116629535412,0.10487088071029252,0.3964073944890129,0.6328801028608165
level1,MULTIMODAL,muril,unweighted,avg_accuracy,0.7876288659793815,0.0451435753521883,0.7319587628865979,0.8402061855670103
level1,MULTIMODAL,muril,unweighted,avg_macro_f1,0.7001653911115628,0.05779950756818394,0.6258353846589141,0.7593439101616051
level1,MULTIMODAL,muril,weighted,l1_accuracy,0.8865979381443297,0.024177400823832122,0.845360824742268,0.9072164948453608
level1,MULTIMODAL,muril,weighted,l1_macro_f1,0.8619226638415558,0.030803121651980746,0.8096795291039895,0.8903954802259887
level1,MULTIMODAL,muril,weighted,l2_accuracy,0.6639175257731958,0.044699965749853195,0.6082474226804123,0.7319587628865979
level1,MULTIMODAL,muril,weighted,l2_macro_f1,0.5923996251098351,0.08944185742673656,0.4434751620713895,0.6747341703712605
level1,MULTIMODAL,muril,weighted,avg_accuracy,0.7752577319587629,0.029967921347935342,0.7268041237113402,0.8092783505154639
level1,MULTIMODAL,muril,weighted,avg_macro_f1,0.7271611444756955,0.05793026032994617,0.6265773455876895,0.7746082860137875
level1,TEXT_ONLY,bge-m3,unweighted,l1_accuracy,0.8515463917525773,0.03966058569416772,0.7835051546391752,0.8865979381443299
level1,TEXT_ONLY,bge-m3,unweighted,l1_macro_f1,0.8138035995491755,0.0552141670883387,0.72069107363225,0.8633627865283646
level1,TEXT_ONLY,bge-m3,unweighted,l2_accuracy,0.6824742268041237,0.0433725442638405,0.6082474226804123,0.711340206185567
level1,TEXT_ONLY,bge-m3,unweighted,l2_macro_f1,0.5463962106302305,0.11182386132228626,0.36900584795321634,0.6255123790785374
level1,TEXT_ONLY,bge-m3,unweighted,avg_accuracy,0.7670103092783505,0.039827719117694574,0.6958762886597938,0.7886597938144331
level1,TEXT_ONLY,bge-m3,unweighted,avg_macro_f1,0.680099905089703,0.07324444614351144,0.5901973684210526,0.7444375828034511
level1,TEXT_ONLY,bge-m3,weighted,l1_accuracy,0.8412371134020619,0.031439073571086405,0.8041237113402062,0.8762886597938144
level1,TEXT_ONLY,bge-m3,weighted,l1_macro_f1,0.8004323455423299,0.0460895164077265,0.747291923762512,0.8524340770791075
level1,TEXT_ONLY,bge-m3,weighted,l2_accuracy,0.6391752577319587,0.04250624356306865,0.5876288659793815,0.6907216494845361
level1,TEXT_ONLY,bge-m3,weighted,l2_macro_f1,0.5779190216487496,0.050723736323946174,0.5166666666666666,0.6418538484576221
level1,TEXT_ONLY,bge-m3,weighted,avg_accuracy,0.7402061855670102,0.03450144439315778,0.7010309278350515,0.7783505154639175
level1,TEXT_ONLY,bge-m3,weighted,avg_macro_f1,0.6891756835955397,0.04514259458969232,0.6319792952145893,0.736556524121759
level1,TEXT_ONLY,muril,unweighted,l1_accuracy,0.8268041237113402,0.05123617995789355,0.7835051546391752,0.8969072164948454
level1,TEXT_ONLY,muril,unweighted,l1_macro_f1,0.7789559719215318,0.06059786230774242,0.72069107363225,0.8652777777777778
level1,TEXT_ONLY,muril,unweighted,l2_accuracy,0.6268041237113402,0.05712121722554671,0.5463917525773195,0.6804123711340206
level1,TEXT_ONLY,muril,unweighted,l2_macro_f1,0.35132790750028603,0.05011592180675241,0.30863254392666156,0.42475816993464055
level1,TEXT_ONLY,muril,unweighted,avg_accuracy,0.7268041237113403,0.05180348258309742,0.6701030927835051,0.7886597938144331
level1,TEXT_ONLY,muril,unweighted,avg_macro_f1,0.5651419397109089,0.04460191215913946,0.518845536816125,0.6235479797979798
level1,TEXT_ONLY,muril,weighted,l1_accuracy,0.8309278350515463,0.05674787193617687,0.7938144329896907,0.9278350515463918
level1,TEXT_ONLY,muril,weighted,l1_macro_f1,0.7906923613365899,0.06785283697069602,0.7305555555555556,0.9068970245440834
level1,TEXT_ONLY,muril,weighted,l2_accuracy,0.5237113402061856,0.09654461664695385,0.4536082474226804,0.6907216494845361
level1,TEXT_ONLY,muril,weighted,l2_macro_f1,0.4185076392588275,0.06278591291546472,0.3598999040175511,0.5234879032258064
level1,TEXT_ONLY,muril,weighted,avg_accuracy,0.6773195876288659,0.07412650726700022,0.634020618556701,0.8092783505154639
level1,TEXT_ONLY,muril,weighted,avg_macro_f1,0.6046000002977088,0.06321431348945115,0.5635700757575758,0.715192463884945
level2,IMAGE_ONLY,clip,unweighted,l1_accuracy,0.911340206185567,0.025876083294868308,0.8865979381443299,0.9484536082474226
level2,IMAGE_ONLY,clip,unweighted,l1_macro_f1,0.8905787708011484,0.032731134994296404,0.860431654676259,0.9378921756947112
level2,IMAGE_ONLY,clip,unweighted,l2_accuracy,0.6969072164948453,0.03308619904305404,0.6494845360824743,0.7422680412371134
level2,IMAGE_ONLY,clip,unweighted,l2_macro_f1,0.5695466727438458,0.04443284648830469,0.5412986200171555,0.6467183583959899
level2,IMAGE_ONLY,clip,unweighted,avg_accuracy,0.8041237113402062,0.02653512922934795,0.768041237113402,0.8350515463917526
level2,IMAGE_ONLY,clip,unweighted,avg_macro_f1,0.7300627217724971,0.03779698648995458,0.7028396612284107,0.7923052670453505
level2,IMAGE_ONLY,clip,weighted,l1_accuracy,0.9051546391752577,0.0046104494381438805,0.8969072164948454,0.9072164948453608
level2,IMAGE_ONLY,clip,weighted,l1_macro_f1,0.8832864161995161,0.008474715555935335,0.86863488624052,0.8882059162504802
level2,IMAGE_ONLY,clip,weighted,l2_accuracy,0.6618556701030928,0.03952637012923879,0.6185567010309279,0.711340206185567
level2,IMAGE_ONLY,clip,weighted,l2_macro_f1,0.5960409863004986,0.027543962682990898,0.567973163841808,0.6410505528152587
level2,IMAGE_ONLY,clip,weighted,avg_accuracy,0.7835051546391751,0.018939353681313272,0.7628865979381443,0.8092783505154639
level2,IMAGE_ONLY,clip,weighted,avg_macro_f1,0.7396637012500074,0.01689502602859714,0.718304025041164,0.7646282345328694
level2,MULTIMODAL,bge-m3,unweighted,l1_accuracy,0.9216494845360825,0.025876083294868322,0.8969072164948454,0.9587628865979382
level2,MULTIMODAL,bge-m3,unweighted,l1_macro_f1,0.9035293835214603,0.03249701773577313,0.86863488624052,0.9497929606625259
level2,MULTIMODAL,bge-m3,unweighted,l2_accuracy,0.711340206185567,0.03496046383054259,0.6494845360824743,0.7319587628865979
level2,MULTIMODAL,bge-m3,unweighted,l2_macro_f1,0.6151144334581418,0.03559184820362282,0.5641293891293891,0.6555810397553518
level2,MULTIMODAL,bge-m3,unweighted,avg_accuracy,0.8164948453608247,0.026434807020532112,0.7731958762886598,0.8402061855670103
level2,MULTIMODAL,bge-m3,unweighted,avg_macro_f1,0.7593219084898011,0.032888690557029955,0.7163821376849546,0.8026870002089388
level2,MULTIMODAL,bge-m3,weighted,l1_accuracy,0.9257731958762887,0.028607086444353825,0.8969072164948454,0.9690721649484536
level2,MULTIMODAL,bge-m3,weighted,l1_macro_f1,0.9085381337140479,0.0362937692603179,0.86863488624052,0.9619359058207979
level2,MULTIMODAL,bge-m3,weighted,l2_accuracy,0.6742268041237114,0.0486833771262581,0.6185567010309279,0.7319587628865979
level2,MULTIMODAL,bge-m3,weighted,l2_macro_f1,0.6129867913863694,0.04700196386066948,0.5619047619047619,0.6665178571428572
level2,MULTIMODAL,bge-m3,weighted,avg_accuracy,0.7999999999999999,0.03597184808735651,0.7628865979381443,0.8505154639175257
level2,MULTIMODAL,bge-m3,weighted,avg_macro_f1,0.7607624625502085,0.03820259539472759,0.7177271466243031,0.8042509199433661
level2,MULTIMODAL,muril,unweighted,l1_accuracy,0.9072164948453608,0.02417740082383213,0.8865979381443299,0.9381443298969072
level2,MULTIMODAL,muril,unweighted,l1_macro_f1,0.8874666376175998,0.03041696789868026,0.860431654676259,0.9246894409937889
level2,MULTIMODAL,muril,unweighted,l2_accuracy,0.6927835051546392,0.03745546829811332,0.6391752577319587,0.7319587628865979
level2,MULTIMODAL,muril,unweighted,l2_macro_f1,0.546172133208675,0.05276728289023015,0.49563343328335835,0.6057194616977225
level2,MULTIMODAL,muril,unweighted,avg_accuracy,0.8,0.028560608612773323,0.7628865979381443,0.8350515463917525
level2,MULTIMODAL,muril,unweighted,avg_macro_f1,0.7168193854131374,0.04142097252335227,0.6780325439798087,0.7608415377374804
level2,MULTIMODAL,muril,weighted,l1_accuracy,0.9134020618556702,0.017250722196578906,0.8865979381443299,0.9278350515463918
level2,MULTIMODAL,muril,weighted,l1_macro_f1,0.8931564969162457,0.021176137346422742,0.860431654676259,0.9130490459725957
level2,MULTIMODAL,muril,weighted,l2_accuracy,0.6226804123711339,0.04757930209985288,0.5567010309278351,0.6597938144329897
level2,MULTIMODAL,muril,weighted,l2_macro_f1,0.5632178577838728,0.05248127242430683,0.4851945561981393,0.6313888888888888
level2,MULTIMODAL,muril,weighted,avg_accuracy,0.768041237113402,0.025773195876288665,0.731958762886598,0.7938144329896908
level2,MULTIMODAL,muril,weighted,avg_macro_f1,0.7281871773500592,0.03173288104847272,0.6855011368302665,0.7722189674307423
level2,TEXT_ONLY,bge-m3,unweighted,l1_accuracy,0.8577319587628865,0.03372253037896109,0.8144329896907216,0.9072164948453608
level2,TEXT_ONLY,bge-m3,unweighted,l1_macro_f1,0.8267498059444801,0.03813578577126693,0.7828358208955224,0.8858077174623937
level2,TEXT_ONLY,bge-m3,unweighted,l2_accuracy,0.6701030927835052,0.05050494315016864,0.6082474226804123,0.7216494845360825
level2,TEXT_ONLY,bge-m3,unweighted,l2_macro_f1,0.545698482342,0.11175926439908769,0.390079365079365,0.6733242614459418
level2,TEXT_ONLY,bge-m3,unweighted,avg_accuracy,0.7639175257731958,0.03949274496778962,0.7268041237113402,0.8144329896907216
level2,TEXT_ONLY,bge-m3,unweighted,avg_macro_f1,0.6862241441432401,0.06993318423306438,0.5998794470916773,0.7795659894541678
level2,TEXT_ONLY,bge-m3,weighted,l1_accuracy,0.8515463917525772,0.0396605856941677,0.8041237113402062,0.8865979381443299
level2,TEXT_ONLY,bge-m3,weighted,l1_macro_f1,0.8219497850731752,0.044267458802071655,0.7639902676399026,0.8633627865283646
level2,TEXT_ONLY,bge-m3,weighted,l2_accuracy,0.6453608247422681,0.07014856014929483,0.5567010309278351,0.7216494845360825
level2,TEXT_ONLY,bge-m3,weighted,l2_macro_f1,0.5637789515413838,0.060523014869779374,0.4716274273557155,0.6223416965352448
level2,TEXT_ONLY,bge-m3,weighted,avg_accuracy,0.7484536082474227,0.05423405541262943,0.6804123711340206,0.8041237113402062
level2,TEXT_ONLY,bge-m3,weighted,avg_macro_f1,0.6928643683072796,0.04830016926729863,0.6291421594256583,0.7341169090341032
level2,TEXT_ONLY,muril,unweighted,l1_accuracy,0.8268041237113402,0.035263157477292924,0.7731958762886598,0.865979381443299
level2,TEXT_ONLY,muril,unweighted,l1_macro_f1,0.7746462118561641,0.038866883196610594,0.7177248677248678,0.8136765270841337
level2,TEXT_ONLY,muril,unweighted,l2_accuracy,0.647422680412371,0.02234998287492658,0.6185567010309279,0.6701030927835051
level2,TEXT_ONLY,muril,unweighted,l2_macro_f1,0.3714758158337312,0.056226137981857494,0.3153846153846154,0.46458087367178275
level2,TEXT_ONLY,muril,unweighted,avg_accuracy,0.7371134020618557,0.027996856936083028,0.6958762886597938,0.7628865979381443
level2,TEXT_ONLY,muril,unweighted,avg_macro_f1,0.5730610138449477,0.04027639680778283,0.5364423076923077,0.6391287003779582
level2,TEXT_ONLY,muril,weighted,l1_accuracy,0.8371134020618557,0.02461306471404808,0.8041237113402062,0.865979381443299
level2,TEXT_ONLY,muril,weighted,l1_macro_f1,0.7941690936851027,0.03667496587886543,0.7540641312453393,0.8385196568062492
level2,TEXT_ONLY,muril,weighted,l2_accuracy,0.5649484536082474,0.03372253037896108,0.5257731958762887,0.5979381443298969
level2,TEXT_ONLY,muril,weighted,l2_macro_f1,0.4578745369322597,0.055143247757978506,0.41173747276688455,0.5482984757178305
level2,TEXT_ONLY,muril,weighted,avg_accuracy,0.7010309278350515,0.02186928189236741,0.6649484536082475,0.7164948453608248
level2,TEXT_ONLY,muril,weighted,avg_macro_f1,0.6260218153086811,0.03814272247872126,0.5853324381493024,0.6757719559116535
